{"0": {"loss": 0.6535573601722717}, "1": {"loss": 0.11468451470136642}, "2": {"loss": 0.10492817312479019}, "3": {"loss": 0.09065931290388107}, "4": {"loss": 0.09568899124860764}, "5": {"loss": 0.09997522085905075}, "6": {"loss": 0.10741410404443741}, "7": {"loss": 0.08898622542619705}, "8": {"loss": 0.10336996614933014}, "9": {"loss": 0.08625711500644684}, "10": {"loss": 0.09480645507574081}, "11": {"loss": 0.0969582200050354}, "12": {"loss": 0.08369729667901993}, "13": {"loss": 0.10567270964384079}, "14": {"loss": 0.08161956816911697}, "15": {"loss": 0.09059891104698181}, "16": {"loss": 0.08862583339214325}, "17": {"loss": 0.08381224423646927}, "18": {"loss": 0.08923125267028809}, "19": {"loss": 0.09393573552370071}, "20": {"loss": 0.08603830635547638}, "21": {"loss": 0.07961587607860565}, "22": {"loss": 0.08241146057844162}, "23": {"loss": 0.08171238750219345}, "24": {"loss": 0.09868622571229935}, "25": {"loss": 0.10262134671211243}, "26": {"loss": 0.08462053537368774}, "27": {"loss": 0.0773736909031868}, "28": {"loss": 0.09794740378856659}, "29": {"loss": 0.09892292320728302}, "30": {"loss": 0.07528677582740784}, "31": {"loss": 0.0794806033372879}, "32": {"loss": 0.08357471972703934}, "33": {"loss": 0.0831209197640419}, "34": {"loss": 0.09076511114835739}, "35": {"loss": 0.08208949118852615}, "36": {"loss": 0.08748820424079895}, "37": {"loss": 0.07858781516551971}, "38": {"loss": 0.09395912289619446}, "39": {"loss": 0.07761500775814056}, "40": {"loss": 0.06736084073781967}, "41": {"loss": 0.0953243225812912}, "42": {"loss": 0.08252212405204773}, "43": {"loss": 0.08036140352487564}, "44": {"loss": 0.0720619410276413}, "45": {"loss": 0.07358511537313461}, "46": {"loss": 0.08226124942302704}, "47": {"loss": 0.09508658200502396}, "48": {"loss": 0.08453390002250671}, "49": {"loss": 0.07141745835542679}}