{"0": {"loss": 0.7034893035888672}, "1": {"loss": 0.6968684196472168}, "2": {"loss": 0.6880781650543213}, "3": {"loss": 0.6795180439949036}, "4": {"loss": 0.6692778468132019}, "5": {"loss": 0.6610037088394165}, "6": {"loss": 0.6458333730697632}, "7": {"loss": 0.6282211542129517}, "8": {"loss": 0.6008259057998657}, "9": {"loss": 0.5606197714805603}}